-- COMPANY 테이블의 더미데이터 생성
INSERT INTO COMPANY (ID , COMPANY_TITLE ,NET_AMOUNT , RATE_PER , TOTAL_AMOUNT) VALUES (1, '샌드박스' ,0, 0.5, 0);
-- CHANNEL 테이블의 더미데이터 생성
INSERT INTO CHANNEL(ID ,CHANNEL_TITLE, SETTLEMENT_AMOUNT,COMPANY_ID) values (1, '영재채널TV' ,0, 1);
INSERT INTO CHANNEL(ID ,CHANNEL_TITLE, SETTLEMENT_AMOUNT,COMPANY_ID) values (2, '합격채널TV' ,0, 1);
-- CHANNEL 테이블의 더미데이터 생성
INSERT INTO CREATOR_CONTRACT_INFO(ID , CREATOR_NAME , SETTLEMENT_AMOUNT , SETTLEMENT_AMOUNT_PER , CHANNEL_ID) values (1,'김영재', 0, 0.5, 1)
INSERT INTO CREATOR_CONTRACT_INFO(ID , CREATOR_NAME , SETTLEMENT_AMOUNT , SETTLEMENT_AMOUNT_PER , CHANNEL_ID) values (2,'박영재', 0, 0.3, 2)
-- PROFIT 테이블의 더미데이터 생성 (2022-02-01 ~ 2022-03-07 데이터 삽입)
INSERT INTO PROFIT(ID ,DATE, PROFIT_AMOUNT,CHANNEL_ID) values ( 1 ,FORMATDATETIME('2022-02-01','yyyy-MM-dd'), 300000 , 1);
INSERT INTO PROFIT(ID ,DATE, PROFIT_AMOUNT,CHANNEL_ID) values ( 2 ,FORMATDATETIME('2022-02-02','yyyy-MM-dd'), 400000 , 1);
INSERT INTO PROFIT(ID ,DATE, PROFIT_AMOUNT,CHANNEL_ID) values ( 3 ,FORMATDATETIME('2022-02-03','yyyy-MM-dd'), 500000 , 1);
INSERT INTO PROFIT(ID ,DATE, PROFIT_AMOUNT,CHANNEL_ID) values ( 4 ,FORMATDATETIME('2022-02-04','yyyy-MM-dd'), 600000 , 1);
INSERT INTO PROFIT(ID ,DATE, PROFIT_AMOUNT,CHANNEL_ID) values ( 5 ,FORMATDATETIME('2022-02-05','yyyy-MM-dd'), 500000 , 1);
INSERT INTO PROFIT(ID ,DATE, PROFIT_AMOUNT,CHANNEL_ID) values ( 6 ,FORMATDATETIME('2022-02-06','yyyy-MM-dd'), 900000 , 1);
INSERT INTO PROFIT(ID ,DATE, PROFIT_AMOUNT,CHANNEL_ID) values ( 7 ,FORMATDATETIME('2022-02-07','yyyy-MM-dd'), 300000 , 1);
INSERT INTO PROFIT(ID ,DATE, PROFIT_AMOUNT,CHANNEL_ID) values ( 8 ,FORMATDATETIME('2022-02-08','yyyy-MM-dd'), 400000 , 1);
INSERT INTO PROFIT(ID ,DATE, PROFIT_AMOUNT,CHANNEL_ID) values ( 9 ,FORMATDATETIME('2022-02-09','yyyy-MM-dd'), 600000 , 1);
INSERT INTO PROFIT(ID ,DATE, PROFIT_AMOUNT,CHANNEL_ID) values ( 10 ,FORMATDATETIME('2022-02-10','yyyy-MM-dd'), 200000 , 1);
INSERT INTO PROFIT(ID ,DATE, PROFIT_AMOUNT,CHANNEL_ID) values ( 11 ,FORMATDATETIME('2022-02-11','yyyy-MM-dd'), 100000 , 1);
INSERT INTO PROFIT(ID ,DATE, PROFIT_AMOUNT,CHANNEL_ID) values ( 12 ,FORMATDATETIME('2022-02-12','yyyy-MM-dd'), 100000 , 1);
INSERT INTO PROFIT(ID ,DATE, PROFIT_AMOUNT,CHANNEL_ID) values ( 13 ,FORMATDATETIME('2022-02-13','yyyy-MM-dd'), 100000 , 1);
INSERT INTO PROFIT(ID ,DATE, PROFIT_AMOUNT,CHANNEL_ID) values ( 14 ,FORMATDATETIME('2022-02-14','yyyy-MM-dd'), 700000 , 1);
INSERT INTO PROFIT(ID ,DATE, PROFIT_AMOUNT,CHANNEL_ID) values ( 15 ,FORMATDATETIME('2022-02-15','yyyy-MM-dd'), 400000 , 1);
INSERT INTO PROFIT(ID ,DATE, PROFIT_AMOUNT,CHANNEL_ID) values ( 16 ,FORMATDATETIME('2022-02-16','yyyy-MM-dd'), 600000 , 1);
INSERT INTO PROFIT(ID ,DATE, PROFIT_AMOUNT,CHANNEL_ID) values ( 17 ,FORMATDATETIME('2022-02-17','yyyy-MM-dd'), 400000 , 1);
INSERT INTO PROFIT(ID ,DATE, PROFIT_AMOUNT,CHANNEL_ID) values ( 18 ,FORMATDATETIME('2022-02-18','yyyy-MM-dd'), 800000 , 1);
INSERT INTO PROFIT(ID ,DATE, PROFIT_AMOUNT,CHANNEL_ID) values ( 19 ,FORMATDATETIME('2022-02-19','yyyy-MM-dd'), 800000 , 1);
INSERT INTO PROFIT(ID ,DATE, PROFIT_AMOUNT,CHANNEL_ID) values ( 20 ,FORMATDATETIME('2022-02-20','yyyy-MM-dd'), 900000 , 1);
INSERT INTO PROFIT(ID ,DATE, PROFIT_AMOUNT,CHANNEL_ID) values ( 21 ,FORMATDATETIME('2022-02-21','yyyy-MM-dd'), 500000 , 1);
INSERT INTO PROFIT(ID ,DATE, PROFIT_AMOUNT,CHANNEL_ID) values ( 22 ,FORMATDATETIME('2022-02-22','yyyy-MM-dd'), 300000 , 1);
INSERT INTO PROFIT(ID ,DATE, PROFIT_AMOUNT,CHANNEL_ID) values ( 23 ,FORMATDATETIME('2022-02-23','yyyy-MM-dd'), 200000 , 1);
INSERT INTO PROFIT(ID ,DATE, PROFIT_AMOUNT,CHANNEL_ID) values ( 24 ,FORMATDATETIME('2022-02-24','yyyy-MM-dd'), 400000 , 1);
INSERT INTO PROFIT(ID ,DATE, PROFIT_AMOUNT,CHANNEL_ID) values ( 25 ,FORMATDATETIME('2022-02-25','yyyy-MM-dd'), 500000 , 1);
INSERT INTO PROFIT(ID ,DATE, PROFIT_AMOUNT,CHANNEL_ID) values ( 26 ,FORMATDATETIME('2022-02-26','yyyy-MM-dd'), 600000 , 1);
INSERT INTO PROFIT(ID ,DATE, PROFIT_AMOUNT,CHANNEL_ID) values ( 27 ,FORMATDATETIME('2022-02-27','yyyy-MM-dd'), 700000 , 1);
INSERT INTO PROFIT(ID ,DATE, PROFIT_AMOUNT,CHANNEL_ID) values ( 28 ,FORMATDATETIME('2022-02-28','yyyy-MM-dd'), 200000 , 1);
INSERT INTO PROFIT(ID ,DATE, PROFIT_AMOUNT,CHANNEL_ID) values ( 29 ,FORMATDATETIME('2022-03-01','yyyy-MM-dd'), 100000 , 1);
INSERT INTO PROFIT(ID ,DATE, PROFIT_AMOUNT,CHANNEL_ID) values ( 30 ,FORMATDATETIME('2022-03-02','yyyy-MM-dd'), 100000 , 1);
INSERT INTO PROFIT(ID ,DATE, PROFIT_AMOUNT,CHANNEL_ID) values ( 31 ,FORMATDATETIME('2022-03-03','yyyy-MM-dd'), 200000 , 1);
INSERT INTO PROFIT(ID ,DATE, PROFIT_AMOUNT,CHANNEL_ID) values ( 32 ,FORMATDATETIME('2022-03-04','yyyy-MM-dd'), 400000 , 1);
INSERT INTO PROFIT(ID ,DATE, PROFIT_AMOUNT,CHANNEL_ID) values ( 33 ,FORMATDATETIME('2022-03-05','yyyy-MM-dd'), 300000 , 1);
INSERT INTO PROFIT(ID ,DATE, PROFIT_AMOUNT,CHANNEL_ID) values ( 34 ,FORMATDATETIME('2022-03-06','yyyy-MM-dd'), 100000 , 1);
INSERT INTO PROFIT(ID ,DATE, PROFIT_AMOUNT,CHANNEL_ID) values ( 35 ,FORMATDATETIME('2022-03-07','yyyy-MM-dd'), 100000 , 1);

INSERT INTO PROFIT(ID ,DATE, PROFIT_AMOUNT,CHANNEL_ID) values ( 36 ,FORMATDATETIME('2022-02-01','yyyy-MM-dd'), 300000 , 2);
INSERT INTO PROFIT(ID ,DATE, PROFIT_AMOUNT,CHANNEL_ID) values ( 37 ,FORMATDATETIME('2022-02-02','yyyy-MM-dd'), 400000 , 2);
INSERT INTO PROFIT(ID ,DATE, PROFIT_AMOUNT,CHANNEL_ID) values ( 38 ,FORMATDATETIME('2022-02-03','yyyy-MM-dd'), 500000 , 2);
INSERT INTO PROFIT(ID ,DATE, PROFIT_AMOUNT,CHANNEL_ID) values ( 39 ,FORMATDATETIME('2022-02-04','yyyy-MM-dd'), 600000 , 2);
INSERT INTO PROFIT(ID ,DATE, PROFIT_AMOUNT,CHANNEL_ID) values ( 40 ,FORMATDATETIME('2022-02-05','yyyy-MM-dd'), 500000 , 2);
INSERT INTO PROFIT(ID ,DATE, PROFIT_AMOUNT,CHANNEL_ID) values ( 41 ,FORMATDATETIME('2022-02-06','yyyy-MM-dd'), 900000 , 2);
INSERT INTO PROFIT(ID ,DATE, PROFIT_AMOUNT,CHANNEL_ID) values ( 42 ,FORMATDATETIME('2022-02-07','yyyy-MM-dd'), 300000 , 2);
INSERT INTO PROFIT(ID ,DATE, PROFIT_AMOUNT,CHANNEL_ID) values ( 43 ,FORMATDATETIME('2022-02-08','yyyy-MM-dd'), 400000 , 2);
INSERT INTO PROFIT(ID ,DATE, PROFIT_AMOUNT,CHANNEL_ID) values ( 44 ,FORMATDATETIME('2022-02-09','yyyy-MM-dd'), 600000 , 2);
INSERT INTO PROFIT(ID ,DATE, PROFIT_AMOUNT,CHANNEL_ID) values ( 45 ,FORMATDATETIME('2022-02-10','yyyy-MM-dd'), 200000 , 2);
INSERT INTO PROFIT(ID ,DATE, PROFIT_AMOUNT,CHANNEL_ID) values ( 46 ,FORMATDATETIME('2022-02-11','yyyy-MM-dd'), 100000 , 2);
INSERT INTO PROFIT(ID ,DATE, PROFIT_AMOUNT,CHANNEL_ID) values ( 47 ,FORMATDATETIME('2022-02-12','yyyy-MM-dd'), 100000 , 2);
INSERT INTO PROFIT(ID ,DATE, PROFIT_AMOUNT,CHANNEL_ID) values ( 48 ,FORMATDATETIME('2022-02-13','yyyy-MM-dd'), 100000 , 2);
INSERT INTO PROFIT(ID ,DATE, PROFIT_AMOUNT,CHANNEL_ID) values ( 49 ,FORMATDATETIME('2022-02-14','yyyy-MM-dd'), 700000 , 2);
INSERT INTO PROFIT(ID ,DATE, PROFIT_AMOUNT,CHANNEL_ID) values ( 50 ,FORMATDATETIME('2022-02-15','yyyy-MM-dd'), 400000 , 2);
INSERT INTO PROFIT(ID ,DATE, PROFIT_AMOUNT,CHANNEL_ID) values ( 51 ,FORMATDATETIME('2022-02-16','yyyy-MM-dd'), 600000 , 2);
INSERT INTO PROFIT(ID ,DATE, PROFIT_AMOUNT,CHANNEL_ID) values ( 52 ,FORMATDATETIME('2022-02-17','yyyy-MM-dd'), 400000 , 2);
INSERT INTO PROFIT(ID ,DATE, PROFIT_AMOUNT,CHANNEL_ID) values ( 53 ,FORMATDATETIME('2022-02-18','yyyy-MM-dd'), 800000 , 2);
INSERT INTO PROFIT(ID ,DATE, PROFIT_AMOUNT,CHANNEL_ID) values ( 54 ,FORMATDATETIME('2022-02-19','yyyy-MM-dd'), 800000 , 2);
INSERT INTO PROFIT(ID ,DATE, PROFIT_AMOUNT,CHANNEL_ID) values ( 55 ,FORMATDATETIME('2022-02-20','yyyy-MM-dd'), 900000 , 2);
INSERT INTO PROFIT(ID ,DATE, PROFIT_AMOUNT,CHANNEL_ID) values ( 56 ,FORMATDATETIME('2022-02-21','yyyy-MM-dd'), 500000 , 2);
INSERT INTO PROFIT(ID ,DATE, PROFIT_AMOUNT,CHANNEL_ID) values ( 57 ,FORMATDATETIME('2022-02-22','yyyy-MM-dd'), 300000 , 2);
INSERT INTO PROFIT(ID ,DATE, PROFIT_AMOUNT,CHANNEL_ID) values ( 58 ,FORMATDATETIME('2022-02-23','yyyy-MM-dd'), 200000 , 2);
INSERT INTO PROFIT(ID ,DATE, PROFIT_AMOUNT,CHANNEL_ID) values ( 59 ,FORMATDATETIME('2022-02-24','yyyy-MM-dd'), 400000 , 2);
INSERT INTO PROFIT(ID ,DATE, PROFIT_AMOUNT,CHANNEL_ID) values ( 60 ,FORMATDATETIME('2022-02-25','yyyy-MM-dd'), 500000 , 2);
INSERT INTO PROFIT(ID ,DATE, PROFIT_AMOUNT,CHANNEL_ID) values ( 61 ,FORMATDATETIME('2022-02-26','yyyy-MM-dd'), 600000 , 2);
INSERT INTO PROFIT(ID ,DATE, PROFIT_AMOUNT,CHANNEL_ID) values ( 62 ,FORMATDATETIME('2022-02-27','yyyy-MM-dd'), 700000 , 2);
INSERT INTO PROFIT(ID ,DATE, PROFIT_AMOUNT,CHANNEL_ID) values ( 63 ,FORMATDATETIME('2022-02-28','yyyy-MM-dd'), 200000 , 2);
INSERT INTO PROFIT(ID ,DATE, PROFIT_AMOUNT,CHANNEL_ID) values ( 64 ,FORMATDATETIME('2022-03-01','yyyy-MM-dd'), 100000 , 2);
INSERT INTO PROFIT(ID ,DATE, PROFIT_AMOUNT,CHANNEL_ID) values ( 65 ,FORMATDATETIME('2022-03-02','yyyy-MM-dd'), 100000 , 2);
INSERT INTO PROFIT(ID ,DATE, PROFIT_AMOUNT,CHANNEL_ID) values ( 66 ,FORMATDATETIME('2022-03-03','yyyy-MM-dd'), 200000 , 2);
INSERT INTO PROFIT(ID ,DATE, PROFIT_AMOUNT,CHANNEL_ID) values ( 67 ,FORMATDATETIME('2022-03-04','yyyy-MM-dd'), 400000 , 2);
INSERT INTO PROFIT(ID ,DATE, PROFIT_AMOUNT,CHANNEL_ID) values ( 68 ,FORMATDATETIME('2022-03-05','yyyy-MM-dd'), 300000 , 2);
INSERT INTO PROFIT(ID ,DATE, PROFIT_AMOUNT,CHANNEL_ID) values ( 69 ,FORMATDATETIME('2022-03-06','yyyy-MM-dd'), 100000 , 2);
INSERT INTO PROFIT(ID ,DATE, PROFIT_AMOUNT,CHANNEL_ID) values ( 70 ,FORMATDATETIME('2022-03-07','yyyy-MM-dd'), 100000 , 2);


